{"a":2,"b":"Hello oskads","c":{"x":0.23000000417232513,"y":9.119999885559082},"d":[4.0,5.0,-1.0]}